"Data Set 1:Time(s)","Data Set 1:Illumination(lux)","Data Set 2:Time(s)","Data Set 2:Illumination(lux)"
0,5.651397705078125,0,769.41253662109375
0.050000000000000003,5.463409423828125,0.050000000000000003,769.41253662109375
0.10000000000000001,5.275421142578125,0.10000000000000001,769.41253662109375
0.14999999999999999,5.087432861328125,0.14999999999999999,769.41253662109375
0.20000000000000001,4.335479736328125,0.20000000000000001,769.41253662109375
0.25,3.207550048828125,0.25,769.41253662109375
0.29999999999999999,2.267608642578125,0.29999999999999999,769.41253662109375
0.34999999999999998,2.09136962890625,0.34999999999999998,769.41253662109375
0.40000000000000002,2.09136962890625,0.40000000000000002,769.41253662109375
0.45000000000000001,2.09136962890625,0.45000000000000001,769.41253662109375
0.5,2.09136962890625,0.5,769.41253662109375
0.55000000000000004,2.09136962890625,0.55000000000000004,769.41253662109375
0.59999999999999998,2.09136962890625,0.59999999999999998,769.41253662109375
0.65000000000000002,2.09136962890625,0.65000000000000002,769.41253662109375
0.69999999999999996,2.09136962890625,0.69999999999999996,769.41253662109375
0.75,2.09136962890625,0.75,769.41253662109375
0.80000000000000004,2.09136962890625,0.80000000000000004,769.41253662109375
0.84999999999999998,2.09136962890625,0.84999999999999998,769.41253662109375
0.90000000000000002,2.09136962890625,0.90000000000000002,769.41253662109375
0.94999999999999996,2.09136962890625,0.94999999999999996,769.41253662109375
1,2.09136962890625,1,769.41253662109375
1.05,2.09136962890625,1.05,769.41253662109375
1.1000000000000001,2.09136962890625,1.1000000000000001,769.41253662109375
1.1499999999999999,2.09136962890625,1.1499999999999999,769.41253662109375
1.2,2.09136962890625,1.2,769.41253662109375
1.25,2.09136962890625,1.25,769.41253662109375
1.3,2.09136962890625,1.3,769.41253662109375
1.3500000000000001,2.09136962890625,1.3500000000000001,769.41253662109375
1.3999999999999999,2.09136962890625,1.3999999999999999,769.41253662109375
1.45,2.09136962890625,1.45,769.41253662109375
1.5,2.09136962890625,1.5,769.41253662109375
1.55,2.09136962890625,1.55,769.41253662109375
1.6000000000000001,2.09136962890625,1.6000000000000001,769.41253662109375
1.6499999999999999,2.09136962890625,1.6499999999999999,769.41253662109375
1.7,2.09136962890625,1.7,769.41253662109375
1.75,2.09136962890625,1.75,769.41253662109375
1.8,2.09136962890625,1.8,769.41253662109375
1.8500000000000001,2.09136962890625,1.8500000000000001,769.41253662109375
1.8999999999999999,2.09136962890625,1.8999999999999999,769.41253662109375
1.95,2.09136962890625,1.95,769.41253662109375
2,2.09136962890625,2,769.41253662109375
2.0499999999999998,2.09136962890625,2.0499999999999998,769.41253662109375
2.1000000000000001,2.09136962890625,2.1000000000000001,769.41253662109375
2.1499999999999999,2.09136962890625,2.1499999999999999,769.41253662109375
2.2000000000000002,2.09136962890625,2.2000000000000002,769.41253662109375
2.25,2.09136962890625,2.25,769.41253662109375
2.2999999999999998,2.09136962890625,2.2999999999999998,769.41253662109375
2.3500000000000001,2.09136962890625,2.3500000000000001,769.41253662109375
2.3999999999999999,2.09136962890625,2.3999999999999999,769.41253662109375
2.4500000000000002,2.09136962890625,2.4500000000000002,769.41253662109375
2.5,2.09136962890625,2.5,769.41253662109375
2.5499999999999998,2.09136962890625,2.5499999999999998,769.41253662109375
2.6000000000000001,2.09136962890625,2.6000000000000001,769.41253662109375
2.6499999999999999,2.09136962890625,2.6499999999999999,769.41253662109375
2.7000000000000002,2.09136962890625,2.7000000000000002,769.41253662109375
2.75,2.09136962890625,2.75,769.41253662109375
2.7999999999999998,2.09136962890625,2.7999999999999998,769.41253662109375
2.8500000000000001,2.09136962890625,2.8500000000000001,769.41253662109375
2.8999999999999999,2.09136962890625,2.8999999999999999,769.41253662109375
2.9500000000000002,2.09136962890625,2.9500000000000002,769.41253662109375
3,2.09136962890625,3,769.41253662109375
3.0499999999999998,2.09136962890625,3.0499999999999998,769.41253662109375
3.1000000000000001,2.09136962890625,3.1000000000000001,769.41253662109375
3.1499999999999999,2.09136962890625,3.1499999999999999,769.41253662109375
3.2000000000000002,2.09136962890625,3.2000000000000002,769.41253662109375
3.25,2.09136962890625,3.25,769.41253662109375
3.2999999999999998,2.09136962890625,3.2999999999999998,769.41253662109375
3.3500000000000001,2.09136962890625,3.3500000000000001,769.41253662109375
3.3999999999999999,2.09136962890625,3.3999999999999999,769.41253662109375
3.4500000000000002,2.09136962890625,3.4500000000000002,769.41253662109375
3.5,2.09136962890625,3.5,769.41253662109375
3.5499999999999998,2.09136962890625,3.5499999999999998,769.41253662109375
3.6000000000000001,2.09136962890625,3.6000000000000001,769.41253662109375
3.6499999999999999,2.09136962890625,3.6499999999999999,769.41253662109375
3.7000000000000002,2.09136962890625,3.7000000000000002,769.41253662109375
3.75,2.09136962890625,3.75,769.41253662109375
3.7999999999999998,2.09136962890625,3.7999999999999998,769.41253662109375
3.8500000000000001,2.09136962890625,3.8500000000000001,769.41253662109375
3.8999999999999999,2.09136962890625,3.8999999999999999,769.41253662109375
3.9500000000000002,2.09136962890625,3.9500000000000002,769.41253662109375
4,2.09136962890625,4,769.41253662109375
4.0499999999999998,2.09136962890625,4.0499999999999998,769.41253662109375
4.0999999999999996,2.09136962890625,4.0999999999999996,769.41253662109375
4.1500000000000004,2.09136962890625,4.1500000000000004,769.41253662109375
4.2000000000000002,2.09136962890625,4.2000000000000002,769.41253662109375
4.25,2.09136962890625,4.25,769.41253662109375
4.2999999999999998,2.09136962890625,4.2999999999999998,769.41253662109375
4.3499999999999996,2.09136962890625,4.3499999999999996,769.41253662109375
4.4000000000000004,2.09136962890625,4.4000000000000004,769.41253662109375
4.4500000000000002,2.09136962890625,4.4500000000000002,769.41253662109375
4.5,2.09136962890625,4.5,769.41253662109375
4.5499999999999998,2.09136962890625,4.5499999999999998,769.41253662109375
4.5999999999999996,2.09136962890625,4.5999999999999996,769.41253662109375
4.6500000000000004,2.09136962890625,4.6500000000000004,769.41253662109375
4.7000000000000002,2.09136962890625,4.7000000000000002,769.41253662109375
4.75,2.09136962890625,4.75,769.41253662109375
4.7999999999999998,2.09136962890625,4.7999999999999998,769.41253662109375
4.8499999999999996,2.09136962890625,4.8499999999999996,769.41253662109375
4.9000000000000004,2.09136962890625,4.9000000000000004,93.148193359375
4.9500000000000002,2.09136962890625,4.9500000000000002,11.831512451171875
5,2.09136962890625,5,16.33148193359375
5.0499999999999998,2.09136962890625,5.0499999999999998,16.695709228515625
5.0999999999999996,2.09136962890625,5.0999999999999996,6.3916015625
5.1500000000000004,2.09136962890625,5.1500000000000004,2.09136962890625
5.2000000000000002,2.09136962890625,5.2000000000000002,2.09136962890625
5.25,2.09136962890625,5.25,2.09136962890625
5.2999999999999998,2.09136962890625,5.2999999999999998,2.09136962890625
5.3499999999999996,2.09136962890625,5.3499999999999996,2.09136962890625
5.4000000000000004,2.09136962890625,5.4000000000000004,2.09136962890625
5.4500000000000002,2.09136962890625,5.4500000000000002,2.09136962890625
5.5,2.09136962890625,5.5,2.09136962890625
5.5499999999999998,2.09136962890625,5.5499999999999998,2.09136962890625
5.5999999999999996,2.09136962890625,5.5999999999999996,2.09136962890625
5.6500000000000004,2.09136962890625,5.6500000000000004,2.09136962890625
5.7000000000000002,2.09136962890625,5.7000000000000002,2.09136962890625
5.75,2.09136962890625,5.75,2.09136962890625
5.7999999999999998,2.09136962890625,5.7999999999999998,2.09136962890625
5.8499999999999996,2.09136962890625,5.8499999999999996,2.09136962890625
5.9000000000000004,2.09136962890625,5.9000000000000004,2.09136962890625
5.9500000000000002,2.09136962890625,5.9500000000000002,2.09136962890625
6,2.09136962890625,6,2.09136962890625
6.0499999999999998,2.09136962890625,6.0499999999999998,2.09136962890625
6.0999999999999996,2.09136962890625,6.0999999999999996,2.09136962890625
6.1500000000000004,2.09136962890625,6.1500000000000004,2.09136962890625
6.2000000000000002,2.09136962890625,6.2000000000000002,2.09136962890625
6.25,2.09136962890625,6.25,2.09136962890625
6.2999999999999998,2.09136962890625,6.2999999999999998,2.09136962890625
6.3499999999999996,2.09136962890625,6.3499999999999996,2.09136962890625
6.4000000000000004,2.09136962890625,6.4000000000000004,2.09136962890625
6.4500000000000002,2.09136962890625,6.4500000000000002,2.09136962890625
6.5,2.09136962890625,6.5,2.09136962890625
6.5499999999999998,2.09136962890625,6.5499999999999998,2.09136962890625
6.5999999999999996,2.09136962890625,6.5999999999999996,2.09136962890625
6.6500000000000004,2.09136962890625,6.6500000000000004,2.09136962890625
6.7000000000000002,2.09136962890625,6.7000000000000002,2.09136962890625
6.75,2.09136962890625,6.75,2.09136962890625
6.7999999999999998,2.09136962890625,6.7999999999999998,2.09136962890625
,,6.8499999999999996,2.09136962890625
,,6.9000000000000004,2.09136962890625
,,6.9500000000000002,2.09136962890625
,,7,2.09136962890625
,,7.0499999999999998,2.09136962890625
,,7.0999999999999996,2.09136962890625
,,7.1500000000000004,2.09136962890625
,,7.2000000000000002,2.09136962890625
,,7.25,2.09136962890625
,,7.2999999999999998,2.09136962890625
,,7.3499999999999996,2.09136962890625
,,7.4000000000000004,2.09136962890625
,,7.4500000000000002,2.09136962890625
,,7.5,2.09136962890625
,,7.5499999999999998,2.09136962890625
,,7.5999999999999996,2.09136962890625
,,7.6500000000000004,2.09136962890625
,,7.7000000000000002,2.09136962890625
,,7.75,2.09136962890625
,,7.7999999999999998,2.09136962890625
,,7.8499999999999996,2.09136962890625
,,7.9000000000000004,2.09136962890625
,,7.9500000000000002,2.09136962890625
,,8,2.09136962890625
,,8.0500000000000007,2.09136962890625
,,8.0999999999999996,2.09136962890625
,,8.1500000000000004,2.09136962890625
,,8.1999999999999993,2.09136962890625
,,8.25,2.09136962890625
,,8.3000000000000007,2.09136962890625
,,8.3499999999999996,2.09136962890625
,,8.4000000000000004,5.087432861328125
,,8.4499999999999993,8.45947265625
,,8.5,5.82763671875
,,8.5500000000000007,6.57958984375
,,8.5999999999999996,7.70751953125
,,8.6500000000000004,8.271484375
,,8.6999999999999993,8.45947265625
,,8.75,8.6474609375
,,8.8000000000000007,8.271484375
,,8.8499999999999996,8.271484375
,,8.9000000000000004,7.70751953125
,,8.9499999999999993,7.51953125
,,9,6.767578125
,,9.0500000000000007,5.651397705078125
,,9.0999999999999996,4.335479736328125
,,9.1500000000000004,3.395538330078125
,,9.1999999999999993,3.019561767578125
,,9.25,3.395538330078125
,,9.3000000000000007,3.583526611328125
,,9.3499999999999996,4.335479736328125
,,9.4000000000000004,4.711456298828125
,,9.4499999999999993,4.899444580078125
,,9.5,4.711456298828125
,,9.5500000000000007,4.711456298828125
,,9.5999999999999996,6.015625
,,9.6500000000000004,7.70751953125
,,9.6999999999999993,10.139617919921875
,,9.75,11.079559326171875
,,9.8000000000000007,11.831512451171875
,,9.8499999999999996,12.395477294921875
,,9.9000000000000004,6.767578125
,,9.9499999999999993,2.09136962890625
